{
  "train_loss": [
    3.008258149624295,
    2.4058268470837114,
    2.2908860176107124,
    2.2295433992148506,
    2.155094329741603,
    2.0971644069774786,
    2.047977496743775,
    2.00473637998454,
    1.964228943136107,
    1.9260087820627239,
    1.8896093263021252,
    1.8555957520056865,
    1.8213156965932182,
    1.7900854488896043,
    1.7572837684994764,
    1.725993147133466,
    1.6949832142300716,
    1.6640891429793048
  ],
  "train_acc": [
    0.38494179194093575,
    0.5049660314001068,
    0.5360589752713041,
    0.5544734589041096,
    0.5753744329300836,
    0.5924365660024906,
    0.6066438912115282,
    0.6194599492972781,
    0.6318646037181996,
    0.6433199719800747,
    0.6549991104785625,
    0.6656900462551147,
    0.6764226783490482,
    0.6865799012631204,
    0.6972541585127201,
    0.7073516167052126,
    0.7178285113858744,
    0.728398527842021
  ],
  "val_loss": [
    2.3698328101116677,
    2.2074725881866786,
    2.1731378804082455,
    2.1597856666730797,
    2.1457188958707065,
    2.1387193467306056,
    2.1224526571190876,
    2.1234830959983495,
    2.1268991231918335,
    2.132153010886648,
    2.1465037361435266,
    2.144723692147628,
    2.1700948958811552,
    2.1669597459876018,
    2.191029509772425,
    2.2027276536692746,
    2.2267056941986083,
    2.2353932888611503
  ],
  "val_acc": [
    0.504421768707483,
    0.5538095238095239,
    0.562312925170068,
    0.5679591836734694,
    0.5728571428571428,
    0.5725170068027211,
    0.5810884353741497,
    0.5838095238095238,
    0.5795238095238096,
    0.582312925170068,
    0.5789795918367346,
    0.5808163265306122,
    0.5774149659863945,
    0.5799319727891157,
    0.5747619047619048,
    0.5751020408163265,
    0.5717687074829932,
    0.5719047619047619
  ],
  "val_top5": [
    0.8322448979591837,
    0.8655102040816327,
    0.8719727891156462,
    0.8721768707482993,
    0.8737414965986394,
    0.8778911564625851,
    0.8779591836734694,
    0.8797278911564625,
    0.878639455782313,
    0.8795918367346939,
    0.8765986394557823,
    0.8780272108843538,
    0.8758503401360545,
    0.8755102040816326,
    0.8731972789115646,
    0.8740816326530613,
    0.8720408163265306,
    0.8705442176870748
  ],
  "lr": [
    5e-06,
    1.9999999999999998e-05,
    3.5e-05,
    5e-05,
    4.99117384692919e-05,
    4.964758980351886e-05,
    4.9209457199870725e-05,
    4.860049741379656e-05,
    4.782509801450933e-05,
    4.688884577244911e-05,
    4.579848640647413e-05,
    4.4561875980801767e-05,
    4.318792430188585e-05,
    4.168653072305699e-05,
    4.0068512819455015e-05,
    3.834552844715217e-05,
    3.652999174803299e-05,
    3.463498370561756e-05
  ]
}