{
  "all_available": {
    "acc": 0.945,
    "f1": 0.9449039300432307
  },
  "uni_emotion": {
    "acc": 0.532,
    "f1": 0.5281390386244698
  },
  "uni_env": {
    "acc": 0.246,
    "f1": 0.23251582569120133
  },
  "uni_health": {
    "acc": 0.519,
    "f1": 0.4842105933897465
  },
  "uni_gesture": {
    "acc": 0.247,
    "f1": 0.22529853335944156
  },
  "uni_speech": {
    "acc": 0.256,
    "f1": 0.24273542624828326
  },
  "missing_emotion": {
    "acc": 0.494,
    "f1": 0.4891464993462272
  },
  "missing_env": {
    "acc": 0.945,
    "f1": 0.9448318533368881
  },
  "missing_health": {
    "acc": 0.512,
    "f1": 0.5107095659633889
  },
  "missing_gesture": {
    "acc": 0.939,
    "f1": 0.9389642753025382
  },
  "missing_speech": {
    "acc": 0.939,
    "f1": 0.9388865438947132
  }
}