{
  "all_available": {
    "acc": 0.918125,
    "f1": 0.9171563066513464
  },
  "uni_emotion": {
    "acc": 0.47125,
    "f1": 0.44551090409109834
  },
  "uni_env": {
    "acc": 0.1375,
    "f1": 0.13164302046411624
  },
  "uni_health": {
    "acc": 0.284375,
    "f1": 0.22626017880927507
  },
  "uni_gesture": {
    "acc": 0.279375,
    "f1": 0.21456334137793398
  },
  "uni_speech": {
    "acc": 0.179375,
    "f1": 0.09067131430193016
  },
  "missing_emotion": {
    "acc": 0.446875,
    "f1": 0.45264166272947937
  },
  "missing_env": {
    "acc": 0.9175,
    "f1": 0.9165306822167293
  },
  "missing_health": {
    "acc": 0.596875,
    "f1": 0.5952976703123822
  },
  "missing_gesture": {
    "acc": 0.744375,
    "f1": 0.7367875824489107
  },
  "missing_speech": {
    "acc": 0.885,
    "f1": 0.8843377693926366
  }
}